sku_id,category,subcategory,snapshot_date,on_hand_units,on_order_units,inventory_position,lead_time_days,source_reorder_point,calculated_risk_threshold,demand_rate_weekly,forecast_rate_weekly,preferred_demand_source,coverage_weeks,shortfall_units,stockout_risk,overstock_risk,volatility_cv,unit_cost,excess_units_over_healthy,inventory_value_exposure_rupees,stockout_shortfall_rupees,rupee_value_at_stake,decision,decision_reason,data_quality_flag,weeks_observed
SKU-025,Home,Kitchen,2025-07-13 00:00:00,627,71,698,7,79,56.5217376050093,69.775,56.5217376050093,d3_forecast,12.349231102515486,0.0,0.0,0.5436538878144357,0.1987567815520189,29.4,471.91304957996283,13874.243657650906,0.0,13874.243657650906,MARKDOWN_CLEAR,overstock risk 0.54 >= 0.50 with stockout below 0.50: reduce excess inventory,ok,80
SKU-027,Personal Care,Bath,2025-07-13 00:00:00,626,24,650,9,102,80.00216242031142,70.725,62.22390410468665,d3_forecast,10.446146209444331,0.0,0.0,0.30576827618054137,0.17894787901460227,31.62,401.1043835812534,12682.920608839233,0.0,12682.920608839233,HEALTHY,stockout 0.0 and overstock 0.30576827618054137 both below their thresholds with no volatility trigger,ok,80
SKU-026,Apparel,Basics,2025-07-13 00:00:00,626,77,703,8,90,70.82299382832367,68.5875,61.97011959978322,d3_forecast,11.344176912036477,0.0,0.0,0.4180221140045597,0.15276921816689956,25.62,455.11952160086713,11660.162143414216,0.0,11660.162143414216,HEALTHY,stockout 0.0 and overstock 0.4180221140045597 both below their thresholds with no volatility trigger,ok,80
SKU-018,Apparel,Outerwear,2025-07-13 00:00:00,17,26,43,10,275,236.28135370118767,191.6125,165.39694759083136,d3_forecast,0.2599806140701938,193.28135370118767,0.8180135701508644,0.0,0.6007753472370052,36.63,0.0,0.0,7079.895986074504,7079.895986074504,REORDER_NOW,stockout risk 0.82 >= 0.50 while overstock is below 0.50: protect availability,ok,80
SKU-010,Apparel,Accessories,2025-07-13 00:00:00,33,15,48,12,270,182.39975590442438,135.8,106.39985761091422,d3_forecast,0.45112842326845637,134.39975590442438,0.7368417530934004,0.0,0.24203051680205603,49.56,0.0,0.0,6660.8519026232725,6660.8519026232725,REORDER_NOW,stockout risk 0.74 >= 0.50 while overstock is below 0.50: protect availability,ok,80
SKU-009,Home,Decor,2025-07-13 00:00:00,24,7,31,11,248,180.80484172544877,137.8875,115.0576265525583,d3_forecast,0.26943020579204463,149.80484172544877,0.8285444144959716,0.0,0.2030935769771361,42.0,0.0,0.0,6291.803352468848,6291.803352468848,REORDER_NOW,stockout risk 0.83 >= 0.50 while overstock is below 0.50: protect availability,ok,80
SKU-005,Home,Bedding,2025-07-13 00:00:00,5,11,16,7,298,226.83003134828334,262.6,226.83003134828334,d3_forecast,0.07053739712019437,210.83003134828334,0.9294626028798056,0.0,0.1580451682890283,25.76,0.0,0.0,5430.981607531779,5430.981607531779,REORDER_NOW,stockout risk 0.93 >= 0.50 while overstock is below 0.50: protect availability,ok,80
SKU-015,Personal Care,Bath,2025-07-13 00:00:00,17,2,19,7,193,211.5283045998321,191.2,211.5283045998321,d3_forecast,0.089822494611036,192.5283045998321,0.910177505388964,0.0,0.569829073345572,27.58,0.0,0.0,5309.930640863369,5309.930640863369,REORDER_NOW,stockout risk 0.91 >= 0.50 while overstock is below 0.50: protect availability,ok,80
SKU-006,Apparel,Outerwear,2025-07-13 00:00:00,1,28,29,8,340,251.84071949710108,259.6125,220.36062955996346,d3_forecast,0.13160245574679055,222.84071949710108,0.8848478512215583,0.0,0.14090322063442703,22.89,0.0,0.0,5100.824069288644,5100.824069288644,REORDER_NOW,stockout risk 0.88 >= 0.50 while overstock is below 0.50: protect availability,ok,80
SKU-008,Electronics,Mobile,2025-07-13 00:00:00,30,3,33,10,225,162.27782041671946,138.1375,113.59447429170362,d3_forecast,0.2905070885337083,129.27782041671946,0.7966450380264042,0.0,0.22623127512857302,35.03,0.0,0.0,4528.602049197683,4528.602049197683,REORDER_NOW,stockout risk 0.80 >= 0.50 while overstock is below 0.50: protect availability,ok,80
SKU-016,Electronics,Audio,2025-07-13 00:00:00,13,35,48,8,220,207.97317773744712,190.775,181.97653052026624,d3_forecast,0.2637702777537808,159.97317773744712,0.7692010069654418,0.0,0.500274239311459,24.25,0.0,0.0,3879.3495601330924,3879.3495601330924,REORDER_NOW,stockout risk 0.77 >= 0.50 while overstock is below 0.50: protect availability,ok,80
SKU-004,Electronics,Audio,2025-07-13 00:00:00,0,16,16,6,255,210.2047109813046,262.875,245.2388294781887,d3_forecast,0.06524252311122299,194.2047109813046,0.9238837230369065,0.0,0.14093582754891598,19.69,0.0,0.0,3823.890759221888,3823.890759221888,REORDER_NOW,stockout risk 0.92 >= 0.50 while overstock is below 0.50: protect availability,ok,80
SKU-030,Apparel,Outerwear,2025-07-13 00:00:00,68,15,83,12,195,154.73644228855247,99.275,90.26292466832228,d3_forecast,0.9195359036391694,71.73644228855247,0.4636040562104845,0.0,0.16069740279707787,53.2,0.0,0.0,3816.3787297509916,3816.3787297509916,HEALTHY,stockout 0.4636040562104845 and overstock 0.0 both below their thresholds with no volatility trigger,ok,80
SKU-007,Personal Care,Hair,2025-07-13 00:00:00,26,1,27,9,203,158.9105262394448,140.2375,123.59707596401262,d3_forecast,0.21845176990968224,131.9105262394448,0.830093067848025,0.0,0.23055619230896238,28.66,0.0,0.0,3780.5556820224883,3780.5556820224883,REORDER_NOW,stockout risk 0.83 >= 0.50 while overstock is below 0.50: protect availability,ok,80
SKU-017,Home,Bedding,2025-07-13 00:00:00,42,42,84,9,248,206.61951017079423,190.675,160.70406346617327,d3_forecast,0.5226999130465748,122.61951017079423,0.5934556231859975,0.0,0.5926850616860847,30.14,0.0,0.0,3695.752036547738,3695.752036547738,REORDER_NOW,stockout risk 0.59 >= 0.50 while overstock is below 0.50: protect availability,ok,80
SKU-029,Home,Bedding,2025-07-13 00:00:00,64,3,67,11,179,132.71879028965222,99.4625,84.45741200250596,d3_forecast,0.7932992310729581,65.71879028965222,0.49517321658993574,0.0,0.1819594898014976,45.41,0.0,0.0,2984.290267053107,2984.290267053107,HEALTHY,stockout 0.49517321658993574 and overstock 0.0 both below their thresholds with no volatility trigger,ok,80
SKU-028,Electronics,Audio,2025-07-13 00:00:00,59,3,62,10,163,128.18798022971305,101.0125,89.73158616079914,d3_forecast,0.6909495602685091,66.18798022971305,0.5163353078120436,0.0,0.1650582616620476,38.22,0.0,0.0,2529.7046043796327,2529.7046043796327,REORDER_NOW,stockout risk 0.52 >= 0.50 while overstock is below 0.50: protect availability,ok,80
SKU-014,Apparel,Basics,2025-07-13 00:00:00,35,30,65,6,165,178.34353713079392,201.7375,208.06745998592623,d3_forecast,0.312398680718247,113.34353713079392,0.6355348724953785,0.0,0.6041893933097596,21.39,0.0,0.0,2424.418259227682,2424.418259227682,REORDER_NOW,stockout risk 0.64 >= 0.50 while overstock is below 0.50: protect availability,ok,80
SKU-020,Electronics,Mobile,2025-07-13 00:00:00,49,7,56,12,8,5.81745105537504,3.8375,3.39351311563544,d3_forecast,16.502072657972892,0.0,0.0,1.0,0.6613768014995525,51.38,42.42594753745824,2179.8451844746046,0.0,2179.8451844746046,MARKDOWN_CLEAR,overstock risk 1.00 >= 0.50 with stockout below 0.50: reduce excess inventory,ok,80
SKU-019,Personal Care,Hair,2025-07-13 00:00:00,52,0,52,11,7,3.82123814329142,3.625,2.4316970002763583,d3_forecast,21.3842431824731,0.0,0.0,1.0,0.5237334468125021,43.71,42.27321199889457,1847.7620964716816,0.0,1847.7620964716816,MARKDOWN_CLEAR,overstock risk 1.00 >= 0.50 with stockout below 0.50: reduce excess inventory,ok,80
SKU-003,Personal Care,Bath,2025-07-13 00:00:00,0,31,31,5,213,150.89826621088255,261.3,211.25757269523555,d3_forecast,0.1467403019191233,119.89826621088255,0.7945635773132275,0.0,0.14615840506556055,14.21,0.0,0.0,1703.7543628566411,1703.7543628566411,REORDER_NOW,stockout risk 0.79 >= 0.50 while overstock is below 0.50: protect availability,ok,80
SKU-002,Apparel,Basics,2025-07-13 00:00:00,11,1,12,4,170,129.5246146257681,260.4125,226.6680755950942,d3_forecast,0.05294084739765496,117.5246146257681,0.9073535170541038,0.0,0.15566263186741316,9.33,0.0,0.0,1096.5046544584163,1096.5046544584163,REORDER_NOW,stockout risk 0.91 >= 0.50 while overstock is below 0.50: protect availability,ok,80
SKU-024,Electronics,Accessories,2025-07-13 00:00:00,50,5,55,6,4,2.2868085931535163,3.6,2.6679433586791026,d3_forecast,20.615130310424007,0.0,0.0,1.0,0.5772825964156503,23.1,44.328226565283586,1023.9820336580509,0.0,1023.9820336580509,MARKDOWN_CLEAR,overstock risk 1.00 >= 0.50 with stockout below 0.50: reduce excess inventory,ok,80
SKU-013,Home,Kitchen,2025-07-13 00:00:00,37,13,50,5,138,105.07570370857707,181.1375,147.1059851920079,d3_forecast,0.3398909971932022,55.075703708577066,0.5241526039295169,0.0,0.5376396778216378,15.8,0.0,0.0,870.1961185955176,870.1961185955176,REORDER_NOW,stockout risk 0.52 >= 0.50 while overstock is below 0.50: protect availability,ok,80
SKU-023,Personal Care,Wellness,2025-07-13 00:00:00,50,5,55,5,4,2.710263340704413,4.025,3.794368676986178,d3_forecast,14.495164988470716,0.0,0.0,0.8118956235588395,0.5229059319429071,17.39,39.82252529205529,692.5137148288414,0.0,692.5137148288414,MARKDOWN_CLEAR,overstock risk 0.81 >= 0.50 with stockout below 0.50: reduce excess inventory,ok,80
SKU-022,Apparel,Accessories,2025-07-13 00:00:00,51,4,55,4,3,2.5411337803375997,4.0625,4.4469841155908,d3_forecast,12.36793264162425,0.0,0.0,0.5459915802030313,0.5720685075670668,12.28,37.2120635376368,456.9641402421799,0.0,456.9641402421799,MARKDOWN_CLEAR,overstock risk 0.55 >= 0.50 with stockout below 0.50: reduce excess inventory,ok,80
SKU-001,Home,Kitchen,2025-07-13 00:00:00,1,12,13,3,128,91.829933546744,262.925,214.2698449424027,d3_forecast,0.06067115978683092,78.829933546744,0.8584339604973945,0.0,0.15778039621848702,5.04,0.0,0.0,397.30286507558975,397.30286507558975,REORDER_NOW,stockout risk 0.86 >= 0.50 while overstock is below 0.50: protect availability,ok,80
SKU-021,Home,Decor,2025-07-13 00:00:00,52,3,55,3,2,1.7142301648383762,3.5625,3.999870384622878,d3_forecast,13.75044556729695,0.0,0.0,0.7188056959121187,0.5205547456717188,7.77,39.00051846150849,303.03402844592097,0.0,303.03402844592097,MARKDOWN_CLEAR,overstock risk 0.72 >= 0.50 with stockout below 0.50: reduce excess inventory,ok,80
SKU-011,Personal Care,Wellness,2025-07-13 00:00:00,34,27,61,3,68,42.70715972041288,135.4125,99.65003934763007,d3_forecast,0.6121422570361558,0.0,0.0,0.0,0.22404172829488936,6.4,0.0,0.0,0.0,0.0,HEALTHY,stockout 0.0 and overstock 0.0 both below their thresholds with no volatility trigger,ok,80
SKU-012,Electronics,Accessories,2025-07-13 00:00:00,29,33,62,4,90,61.94075880317797,136.7625,108.39632790556145,d3_forecast,0.5719750954480349,0.0,0.0,0.0,0.22287279608459745,10.81,0.0,0.0,0.0,0.0,HEALTHY,stockout 0.0 and overstock 0.0 both below their thresholds with no volatility trigger,ok,80
